order_id,customer_id,orderdate,ship_date,state,city,sales_channel,category,sub_category,productid,quantity,unit_price,discount_%,taxrate,shippingcost,order_total,notes
ORD2263134,C934974,2025-05-02,2025-05-08,CA,sacramento,Phone,Clothing,hat,P32146,1.0,841.84,0.0,0.065,12.99,909.55,Address corrected
ORD3302915,C682223,2026-01-19,2026-01-25,CO,colorado springs,Phone,Health,Protein,P49880,1.0,364.29,0.2,0.0825,12.99,328.47,promo applied
ORD3194095,C484668,,,AZ,PHOENIX,IN-STORE,electronics,keyboard,P32860,2.0,845.28,0.05,0.065,4.99,,Address corrected
ORD7604726,C239994,,,NM,rio rancho,in-store,GROCERY,COFFEE,P58748,4.0,582.5,0.15,0.0825,0.0,,
ORD2703068,C959551,2026-02-24,2026-02-28,tx,houston,online,HEALTH,Protein,P89219,1.0,419.3,0.15,0.045,7.99,380.43,
ORD9202702,C875686,2025-08-26,2025-08-26,nm,rio rancho,In-Store,home,Air Purifier,P68652,1.0,547.1,0.05,0.0825,7.99,570.61,Address corrected
ORD8021803,C587594,2025-03-21,2025-03-31,OK,tulsa,PHONE,Electronics,Headphones,P97853,2.0,413.11,0.0,0.065,7.99,887.91,
ORD6121649,C842306,,2025-08-12,UT,salt lake city,in-store,health,thermometer,P85100,4.0,757.58,0.0,0.0825,0.0,,
ORD2550336,C889242,2025-06-17,2025-06-18,NM,Rio Rancho,Online,grocery,COFFEE,P60176,1.0,70.31,0.0,0.0725,12.99,88.4,returned
ORD9429344,C013819,2025-11-11,2025-11-16,NM,Las Cruces,online,Health,Protein,P16606,-1.0,840.75,0.05,0.045,4.99,-829.66,updated record
ORD5818139,C137700,2025-02-12,2025-02-13,CA,Los Angeles,Phone,HEALTH,skincare,P19195,3.0,448.88,0.0,0.045,4.99,,VIP customer
ORD6087966,C876007,2025-02-26,2025-03-06,CO,Boulder,IN-STORE,clothing,Jeans,P83248,2.0,115.28,0.0,0.065,9.99,255.54,returned
ORD7559665,C475144,2025-03-02,2025-03-05,CO,,Online,GROCERY,pasta,P45334,3.0,256.38,0.1,0.045,9.99,733.37,
ORD9312661,C113403,2025-05-13,2025-05-18,CA,San Diego,Online,HOME,Chair,P62650,5.0,299.02,0.2,0.0825,0.0,,
ORD7555716,C821952,2025-08-05,2025-08-14,UT,PROVO,IN-STORE,CLOTHING,Shoes,P30710,3.0,172.44,0.0,0.045,7.99,548.59,promo applied
ORD5033733,C294176,2025-03-31,2025-04-01,ut,SALT LAKE CITY,Online,home,VACUUM,P15573,4.0,468.83,0.1,0.065,4.99,,returned
ORD3222355,C720532,2026-02-04,2026-02-12,NM,Las Cruces,ONLINE,home,BLENDER,P49570,-1.0,290.34,0.0,0.0825,0.0,-314.29,Address corrected
ORD4856923,C185863,2025-05-21,2025-05-23,AZ,mesa,In-Store,Electronics,monitor,P72567,2.0,150.55,0.0,0.045,12.99,327.64,Address corrected
ORD4436099,C003178,2026-02-11,2026-02-16,NM,albuquerque,In-Store,grocery,Pasta,P59213,5.0,637.92,0.05,0.045,9.99,3176.47,
ORD4608813,C351649,2025-06-06,2025-06-16,UT,Provo,phone,Electronics,Mouse,P40921,-1.0,44.44,0.05,0.065,12.99,-31.97,
ORD2097994,C738810,2025-09-28,2025-10-07,AZ,Mesa,in-store,HOME,Lamp,P25308,1.0,396.84,0.0,0.065,12.99,435.62,promo applied
ORD2783381,C979133,2026-01-07,2026-01-09,ok,Tulsa,Online,electronics,Mouse,P71042,3.0,673.25,0.0,0.0725,9.99,2176.17,
ORD6824149,C743242,2025-04-04,,UT,provo,Phone,Home,CHAIR,P45454,5.0,9.62,0.15,0.065,12.99,,VIP customer
ORD4030902,C711015,2025-02-02,2025-02-09,UT,salt lake city,In-Store,Electronics,MONITOR,P81174,3.0,311.25,0.0,0.0825,12.99,1023.77,Address corrected
ORD7001655,C446697,2025-06-08,2025-06-12,TX,HOUSTON,Phone,Health,skincare,P79870,1.0,723.23,0.05,0.045,4.99,722.98,expedite
ORD7262502,C084974,,2025-08-03,az,Tucson,ONLINE,HOME,Lamp,P08018,2.0,565.44,0.2,0.065,4.99,968.5,expedite
ORD3609236,C094740,2025-07-02,2025-07-09,NM,,Online,grocery,pasta,P21986,1.0,502.13,0.0,0.0725,9.99,548.52,
ORD3449520,C137827,2025-11-17,2025-11-26,CA,Sacramento,In-Store,GROCERY,cereal,P45500,2.0,587.29,0.05,0.065,12.99,1201.37,Address corrected
ORD4370687,C796611,,2025-03-11,ok,tulsa,in-store,HOME,LAMP,P76676,4.0,450.85,,0.065,4.99,,promo applied
ORD4637600,C565237,2025-01-18,2025-01-26,UT,provo,online,ELECTRONICS,laptop,P35264,1.0,784.35,0.0,0.065,12.99,848.32,Address corrected
ORD4507802,C119720,2026-01-28,2026-02-06,NM,Santa_Fe,online,health,THERMOMETER,P00140,3.0,275.53,0.05,0.0825,7.99,858.03,
ORD4572071,C851572,2026-01-01,2026-01-07,CA,San Jose,IN-STORE,electronics,KEYBOARD,P90156,1.0,785.23,0.0,0.045,7.99,828.56,VIP customer
ORD2131954,C092722,2025-07-24,2025-07-28,ok,OKLAHOMA CITY,Online,grocery,snacks,P15257,2.0,401.0,0.0,0.0825,,878.15,
ORD1233189,C440132,2025-07-06,2025-07-15,NM,Albuquerque,Online,Health,First_Aid,P81095,1.0,588.11,0.0,0.0725,0.0,630.75,returned
ORD6912192,C013706,2025-01-05,,CA,SACRAMENTO,Online,Grocery,Snacks,P83756,3.0,81.76,0.0,0.0825,7.99,273.51,returned
ORD7908302,C214962,2025-10-06,2025-10-08,tx,DALLAS,IN-STORE,Health,Protein,P20514,5.0,794.66,0.2,0.0825,9.99,,
ORD7174859,C201930,2025-09-13,2025-09-22,OK,Oklahoma City,In-Store,Home,CHAIR,P85151,1.0,282.58,0.0,0.065,0.0,,returned
ORD3973781,C942355,2025-04-21,2025-04-24,n m,Santa Fe,Phone,grocery,Tea,P20676,4.0,754.13,0.05,0.045,4.99,2999.64,returned
ORD9311791,C072946,2025-01-31,2025-02-08,CA,SAN DIEGO,phone,HOME,LAMP,P38439,1.0,562.72,0.0,0.045,9.99,,Address corrected
ORD3862650,C478905,2025-01-09,2025-01-12,co,Denver,Phone,HOME,Chair,P34845,1.0,739.35,,0.065,0.0,,
ORD7130756,C355410,2025-08-22,2025-08-29,UT,Salt Lake City,In-Store,Grocery,Snacks,P86664,1.0,689.44,0.1,0.0725,12.99,678.47,
ORD1982191,C363899,2025-05-16,2025-05-20,UT,salt lake city,ONLINE,HEALTH,VITAMINS,P85450,1.0,374.45,0.15,0.065,12.99,351.96,
ORD7645519,C979482,2025-07-20,2025-07-26,UT,provo,ONLINE,GROCERY,Pasta,P77988,2.0,758.83,0.05,0.0825,7.99,1568.71,
ORD1325764,C084909,2025-11-01,2025-11-09,AZ,MESA,Phone,Electronics,Headphones,P64532,1.0,236.84,0.2,0.065,9.99,211.78,VIP customer
ORD6231711,C266587,2025-07-15,2025-07-19,TX,dallas,In-Store,health,Vitamins,P25121,1.0,401.28,0.15,0.0725,0.0,365.82,
ORD6959823,C737185,,2025-12-09,N M,tulsa,PHONE,ELECTRONICS,laptop,P93186,5.0,243.41,0.0,0.065,0.0,,
ORD5876201,C067933,2025-03-06,2025-03-07,OK,Oklahoma_City,ONLINE,Home,Lamp,P87909,4.0,336.65,0.0,0.065,12.99,,
ORD1713023,C991391,2025-01-25,2025-02-02,AZ,phoenix,Online,Health,Vitamins,P34123,4.0,675.31,0.05,0.0725,0.0,,
ORD6869041,C726606,2025-07-11,2025-07-20,AZ,phoenix,PHONE,grocery,snacks,P32662,1.0,68.45,0.0,0.065,12.99,85.89,
ORD3763592,C904572,2025-07-26,2025-08-04,NM,,In-Store,Grocery,Snacks,P10994,1.0,843.72,0.2,0.065,7.99,726.84,Address corrected
ORD9417604,C951003,,2025-06-01,TX,EL PASO,PHONE,Grocery,snacks,P75904,1.0,13.77,0.05,0.0825,,24.15,VIP customer
ORD3742026,C504398,2025-01-02,,AZ,Phoenix,In-Store,HEALTH,THERMOMETER,P72836,2.0,473.22,0.0,0.0725,4.99,,promo applied
ORD0115419,C652494,,2025-04-27,AZ,TUCSON,In-Store,Home,Chair,P59380,1.0,107.23,0.0,0.045,0.0,112.06,
ORD4905948,C369455,2025-10-28,2025-11-07,CO,Colorado Springs,Phone,Home,Chair,P68217,2.0,38.86,0.2,0.0725,0.0,66.68,expedite
ORD5258295,C721823,2025-08-28,2025-08-29,CO,Denver,IN-STORE,Grocery,SNACKS,P92013,4.0,196.21,0.2,0.045,7.99,664.12,promo applied
ORD3856868,C468482,2025-01-21,2025-01-30,N M,colorado springs,Online,CLOTHING,hat,P18595,2.0,367.09,0.0,0.0725,4.99,792.4,
ORD4798809,C943599,2025-06-21,2025-06-22,AZ,phoenix,PHONE,Electronics,Laptop,P97855,3.0,296.18,0.05,0.0825,4.99,918.74,returned
ORD4514206,C429444,2025-04-22,2025-04-27,CO,Denver,online,health,Skincare,P11379,4.0,317.74,0.1,0.065,4.99,,Address corrected
ORD5465219,C204351,,2025-02-27,TX,Houston,PHONE,Health,Vitamins,P43282,5.0,795.29,0.1,0.045,,,Address corrected
ORD5193028,C585669,2025-10-03,,NM,ALBUQUERQUE,in-store,Grocery,Coffee,P25040,4.0,795.09,0.0,0.045,12.99,,Address corrected
ORD2902865,C375159,2025-12-17,2025-12-21,N M,santa fe,Phone,Health,Vitamins,P92215,-1.0,,0.15,0.0825,9.99,-738.21,Address corrected
ORD3040174,C486844,,2025-12-27,co,,Phone,ELECTRONICS,LAPTOP,P09284,2.0,428.6,0.1,0.0725,0.0,827.41,promo applied
ORD3935465,C510605,2025-09-14,2025-09-15,OK,Tulsa,IN-STORE,grocery,Cereal,P27301,3.0,297.72,0.0,0.0825,0.0,966.85,
ORD3107762,C786253,2025-07-28,2025-08-06,CO,DENVER,Online,Electronics,Headphones,P21869,1.0,384.11,0.1,0.0825,0.0,374.22,VIP customer
ORD3345232,C271083,2025-11-09,,az,MESA,in-store,HOME,BLENDER,P43720,1.0,796.77,0.05,0.0825,7.99,827.37,returned
ORD4582920,C235097,2025-08-14,2025-08-14,TX,houston,ONLINE,home,blender,P79068,1.0,278.28,0.0,0.065,9.99,306.36,returned
ORD5499758,C852960,2025-01-17,,AZ,PHOENIX,phone,Grocery,Pasta,P41484,4.0,261.7,,0.0825,9.99,,
ORD3015136,C952527,2025-01-10,2025-01-11,AZ,Tucson,PHONE,Home,air purifier,P12491,2.0,380.24,0.0,0.0725,4.99,820.6,Address corrected
ORD2879163,C118165,2025-09-15,2025-09-22,ok,Tulsa,IN-STORE,home,Chair,P58484,4.0,650.8,0.1,0.0825,12.99,,returned
ORD6588307,C660083,2025-05-06,,UT,Salt Lake City,In-Store,CLOTHING,jacket,P49160,-1.0,439.2,0.1,0.065,4.99,-415.98,VIP customer
ORD8957027,C612076,2026-01-29,,AZ,Phoenix,PHONE,electronics,MONITOR,P35525,1.0,770.83,0.1,0.065,4.99,743.83,VIP customer
ORD2653329,C796026,2025-10-30,2025-11-01,CA,san diego,In-Store,HOME,Blender,P11048,2.0,108.54,0.2,0.0825,9.99,197.98,returned
ORD4358174,C979442,2025-01-27,2025-02-02,CO,boulder,In-Store,grocery,Coffee,P23265,1.0,639.32,0.2,0.0825,12.99,566.64,promo applied
ORD7596343,C065871,2025-12-28,2025-12-30,TX,El Paso,ONLINE,Clothing,T-SHIRT,P11709,2.0,713.2,0.1,0.065,7.99,,expedite
ORD5111713,C504477,2026-01-07,,CA,SAN DIEGO,IN-STORE,GROCERY,snacks,P21908,3.0,209.05,0.0,0.0825,12.99,691.88,
ORD6312661,C055326,2025-01-21,2025-01-21,OK,oklahoma city,online,health,Vitamins,P03496,1.0,406.63,0.0,0.065,0.0,866.12,promo applied
ORD9645088,C548042,2025-12-14,2025-12-15,ok,Oklahoma City,IN-STORE,Grocery,Coffee,P63684,1.0,,0.05,0.0825,9.99,126.07,promo applied
ORD4831870,C059681,2025-03-05,2025-03-15,NM,Santa Fe,online,Electronics,monitor,P51314,1.0,762.26,0.2,0.065,4.99,654.44,VIP customer
ORD8522518,C826617,2025-06-17,,tx,DALLAS,phone,CLOTHING,Jeans,P73027,5.0,686.39,0.1,0.065,9.99,,
ORD1840354,C617366,2026-02-23,2026-03-04,n m,Rio_Rancho,IN-STORE,grocery,Pasta,P43797,3.0,252.07,0.0,0.0725,12.99,824.03,Address corrected
ORD8882438,C911224,2025-09-12,2025-09-13,tx,HOUSTON,In-Store,health,SKINCARE,P52043,3.0,810.37,0.15,0.045,9.99,,Address corrected
ORD8287376,C875889,2025-03-14,,NM,las cruces,in-store,grocery,Pasta,P12864,4.0,485.57,0.0,0.065,12.99,2081.52,VIP customer
ORD9637866,C002372,2025-06-23,2025-06-26,NM,Las_Cruces,Phone,CLOTHING,Jeans,P00923,2.0,807.42,0.0,0.0725,12.99,,Address corrected
ORD3458965,C133530,2025-09-01,2025-09-04,NM,Las_Cruces,Online,electronics,Monitor,P47270,5.0,757.91,0.0,0.065,12.99,4048.86,returned
ORD6314287,C065463,2025-03-23,,AZ,MESA,In-Store,ELECTRONICS,monitor,P26639,1.0,503.34,0.0,0.0825,7.99,552.86,returned
ORD2893778,C751836,,2026-02-19,nm,Rio Rancho,Phone,Electronics,Monitor,P35915,-1.0,211.99,0.05,0.045,4.99,-205.46,Address corrected
ORD3804088,C239554,2025-03-08,,AZ,tucson,Online,HOME,lamp,P66718,1.0,111.4,0.2,0.0825,12.99,205.93,
ORD8118840,C771277,2026-01-08,2026-01-15,TX,AUSTIN,Online,HOME,CHAIR,P85177,-1.0,90.23,0.0,0.065,0.0,-96.09,promo applied
ORD7276767,C257080,2026-02-16,,ut,provo,Online,GROCERY,Cereal,P15175,-1.0,205.97,0.0,0.065,12.99,-206.37,VIP customer
ORD2572521,C771085,2025-11-14,2025-11-17,TX,houston,Online,GROCERY,Snacks,P55103,1.0,813.27,0.0,0.0725,4.99,877.22,expedite
ORD5178908,C585657,,2026-01-25,TX,austin,Phone,HOME,AIR PURIFIER,P00523,1.0,478.11,0.0,0.045,4.99,504.61,returned
ORD1829617,C350875,2025-12-15,,NM,,Online,GROCERY,cereal,P63137,1.0,118.8,0.0,0.0825,0.0,,
ORD9181128,C847358,,2025-02-01,UT,SALT LAKE CITY,online,CLOTHING,T-Shirt,P91737,1.0,353.45,0.15,0.045,0.0,313.95,
ORD8234816,C545828,2025-04-21,2025-04-30,N M,oklahoma city,In-Store,Grocery,Tea,P37818,2.0,,0.2,0.045,4.99,981.37,VIP customer
ORD1394855,C557128,2025-03-04,2025-03-07,UT,salt lake city,IN-STORE,clothing,Hat,P59927,1.0,95.22,0.0,0.0725,12.99,115.11,
ORD9637246,C276160,,,N M,tulsa,In-Store,HEALTH,vitamins,P54787,2.0,377.72,0.0,0.0825,0.0,817.76,promo applied
ORD4052716,C679263,2025-01-22,2025-01-25,OK,Tulsa,ONLINE,Home,VACUUM,P88752,1.0,823.65,0.0,0.0725,12.99,896.35,promo applied
ORD7142816,C684905,2025-05-30,2025-06-07,nm,santa fe,IN-STORE,HOME,LAMP,P90054,1.0,160.57,0.05,0.0725,0.0,,promo applied
ORD5397988,C361399,2025-11-25,,OK,Tulsa,In-Store,HOME,Vacuum,P14465,2.0,29.7,0.05,0.0825,7.99,69.08,
ORD6132272,C328643,2025-10-28,,UT,provo,IN-STORE,Health,Skincare,P99458,2.0,422.86,0.05,0.045,4.99,844.58,
ORD2502535,C922454,2025-09-24,2025-10-04,TX,DALLAS,Phone,Grocery,cereal,P01927,1.0,611.21,0.05,0.0725,0.0,622.75,expedite
ORD9598040,C922596,2025-06-13,2025-06-18,ut,Provo,Phone,GROCERY,Pasta,P86545,1.0,611.27,0.05,0.045,4.99,,returned
ORD8528130,C947859,2025-02-16,2025-02-17,az,phoenix,In-Store,Electronics,Keyboard,P79907,2.0,152.22,0.0,0.0825,0.0,329.56,returned
ORD0590859,C777418,2026-01-16,2026-01-17,CO,Colorado Springs,in-store,Health,THERMOMETER,P87245,3.0,670.55,0.2,0.0825,9.99,,
ORD3484553,C703831,2025-08-07,2025-08-10,ut,Provo,ONLINE,CLOTHING,SHOES,P35191,1.0,69.17,0.2,0.045,12.99,70.82,promo applied
ORD1586800,C737312,2025-03-22,,ok,Oklahoma City,Online,electronics,Headphones,P09534,4.0,,0.0,0.0825,12.99,106.17,returned
ORD4180215,C605560,2025-11-16,,CO,colorado springs,In-Store,HEALTH,protein,P72318,-1.0,,0.0,0.0825,0.0,-555.04,Address corrected
ORD1372774,C811929,2025-01-24,2025-02-03,AZ,MESA,ONLINE,HEALTH,VITAMINS,P56769,1.0,222.71,0.1,0.045,,209.46,VIP customer
ORD8475531,C464514,2026-01-14,2026-01-18,OK,OKLAHOMA CITY,PHONE,home,LAMP,P10624,5.0,151.35,0.0,0.0825,9.99,829.17,
ORD5476228,C683587,2026-02-02,2026-02-07,AZ,phoenix,in-store,HEALTH,protein,P77280,1.0,492.65,0.0,0.065,4.99,529.66,
ORD0534008,C414608,,,TX,AUSTIN,phone,Clothing,shoes,P32841,1.0,786.52,0.15,0.0825,9.99,733.69,returned
ORD7615632,C964078,2026-02-12,2026-02-19,CA,Sacramento,Online,CLOTHING,T-Shirt,P40786,4.0,620.19,0.0,0.045,9.99,,VIP customer
ORD5493281,C538571,2025-09-07,2025-09-17,co,denver,PHONE,HOME,VACUUM,P65478,1.0,,0.0,0.0725,9.99,640.79,expedite
ORD1460292,C730487,2025-05-22,2025-05-28,AZ,mesa,PHONE,Home,Blender,P07646,-1.0,498.41,0.0,0.0825,4.99,-534.54,promo applied
ORD0833753,C117902,,2025-09-12,ca,san jose,Phone,Electronics,Headphones,P52452,1.0,592.1,0.0,0.065,12.99,643.58,expedite
ORD1400924,C195824,2026-02-18,2026-02-18,OK,oklahoma city,In-Store,health,Thermometer,P25755,2.0,441.5,0.15,0.045,12.99,797.31,returned
ORD5565909,C649850,2025-04-08,2025-04-18,co,Denver,online,HEALTH,vitamins,P64581,2.0,267.44,0.0,0.045,0.0,558.95,
ORD3768074,C949022,2026-02-01,2026-02-11,ut,Salt Lake City,in-store,HOME,Vacuum,P62646,4.0,172.38,0.0,0.065,9.99,744.33,returned
ORD4403506,C594679,2025-12-09,2025-12-14,ut,provo,In-Store,health,first aid,P27953,5.0,294.7,0.0,0.045,7.99,,
ORD1094468,C884033,,2025-08-12,UT,PROVO,In-Store,health,First Aid,P85601,3.0,662.1,0.1,0.045,0.0,1868.12,
ORD3833113,C889338,2025-12-05,2025-12-13,OK,OKLAHOMA CITY,Online,HOME,vacuum,P76893,1.0,5.3,0.0,0.045,4.99,10.53,
ORD9279766,C781444,2025-06-01,2025-06-05,OK,oklahoma city,online,Electronics,Headphones,P19314,4.0,337.24,0.2,0.0725,0.0,,
ORD7701917,C587077,2025-01-19,2025-01-19,ut,Salt_Lake_City,ONLINE,Home,BLENDER,P09245,-1.0,273.98,0.0,0.045,4.99,-281.32,returned
ORD2417285,C326281,2025-11-19,2025-11-28,TX,DALLAS,in-store,HEALTH,PROTEIN,P55273,1.0,267.62,0.05,0.045,4.99,270.67,
ORD3893909,C207170,2025-09-29,2025-10-09,TX,Austin,in-store,Home,Vacuum,P13043,1.0,421.5,0.1,0.045,4.99,401.41,
ORD3734396,C815866,2025-02-15,2025-02-18,CA,Sacramento,IN-STORE,Home,blender,P44353,4.0,270.75,0.2,0.0825,0.0,937.88,expedite
ORD8442366,C523493,2025-10-13,2025-10-20,UT,SALT LAKE CITY,Phone,electronics,monitor,P05716,2.0,53.87,0.0,0.0825,9.99,126.62,
ORD0449337,C151252,2025-04-19,2025-04-19,nm,albuquerque,ONLINE,Home,Lamp,P38652,1.0,527.33,0.15,0.0725,0.0,480.73,
ORD7518399,C159353,2025-09-10,2025-09-14,CA,SAN JOSE,ONLINE,Health,FIRST AID,P02126,3.0,411.2,0.15,0.065,12.99,,returned
ORD6356533,C240221,2025-01-23,2025-01-25,NM,las cruces,PHONE,health,First Aid,P03524,4.0,757.9,0.0,0.045,,,
ORD6433672,C333952,2025-07-06,,NM,Las Cruces,phone,HEALTH,Skincare,P38160,2.0,182.2,0.15,0.065,4.99,334.86,
ORD8912493,C253084,,2025-10-25,AZ,PHOENIX,phone,electronics,Laptop,P81318,5.0,680.21,0.0,0.045,12.99,,VIP customer
ORD5246618,C978391,2025-11-18,2025-11-28,ok,oklahoma city,Phone,clothing,T-Shirt,P25902,1.0,245.97,0.0,0.065,7.99,269.95,
ORD1033518,C393319,2025-03-31,2025-04-03,AZ,TUCSON,Phone,Health,thermometer,P58057,2.0,796.44,0.0,0.045,7.99,,
ORD2782632,C293550,2025-07-15,2025-07-23,co,Colorado_Springs,IN-STORE,HOME,Blender,P77832,3.0,424.32,0.15,0.0825,4.99,,returned
ORD0276434,C928291,2025-02-23,2025-02-27,TX,El_Paso,IN-STORE,ELECTRONICS,KEYBOARD,P26107,-1.0,547.68,0.0,0.065,,-573.29,promo applied
ORD9191558,C667013,2025-03-26,2025-03-28,TX,austin,in-store,GROCERY,Snacks,P21946,4.0,425.53,0.0,0.0825,9.99,,VIP customer
ORD6563000,C311496,2025-04-18,,AZ,Mesa,PHONE,HEALTH,PROTEIN,P27113,4.0,593.77,0.0,0.0825,0.0,,Address corrected
ORD8118840,C771277,2026-01-08,2026-01-15,TX,AUSTIN,Online,HOME,CHAIR,P85177,-1.0,90.23,0.0,0.065,0.0,-96.09,updated record
ORD4799593,C875637,2025-09-04,2025-09-04,tx,,in-store,Grocery,Coffee,P76563,1.0,175.54,0.1,0.0825,7.99,179.01,promo applied
ORD9453259,C073527,2025-08-16,2025-08-16,AZ,Mesa,Online,Electronics,KEYBOARD,P43400,2.0,74.62,0.05,0.045,0.0,148.16,Address corrected
ORD3429763,C747386,,2025-03-26,CA,SAN DIEGO,ONLINE,Health,thermometer,P45859,1.0,606.51,0.15,0.0825,12.99,571.06,Address corrected
ORD0249207,C619898,2025-07-16,2025-07-25,NM,ALBUQUERQUE,online,Electronics,Monitor,P57163,3.0,615.95,,0.045,12.99,,
ORD2264304,C600535,2025-06-08,2025-06-18,OK,Tulsa,phone,Electronics,headphones,P54313,5.0,139.04,0.0,0.065,4.99,745.38,expedite
ORD2776110,C573393,2025-06-02,2025-06-02,CA,Los Angeles,online,Grocery,PASTA,P26096,1.0,792.36,0.2,0.0825,7.99,-678.19,
ORD8016127,C509637,,2025-08-26,nm,Albuquerque,Online,Home,Chair,P18933,-1.0,15.33,0.1,0.0725,7.99,,
ORD5587160,C944874,2025-08-12,,OK,Tulsa,IN-STORE,HOME,Air_Purifier,P81183,4.0,332.85,0.0,0.045,4.99,1396.3,returned
ORD3080827,C523252,2025-01-30,2025-02-04,TX,HOUSTON,Phone,HEALTH,Protein,P52162,1.0,347.39,0.0,0.0825,9.99,386.04,expedite
ORD2558598,C063673,2026-01-18,2026-01-27,CA,los angeles,Online,Grocery,TEA,P39267,4.0,675.04,0.0,0.0725,9.99,,Address corrected
ORD1779577,C868733,2025-05-23,2025-05-29,CO,BOULDER,Online,electronics,Keyboard,P89397,3.0,,0.05,0.0725,4.99,546.44,returned
ORD5264724,C576401,2025-07-06,2025-07-08,AZ,tucson,ONLINE,grocery,Pasta,P11163,2.0,680.74,0.2,0.065,9.99,1169.97,
ORD5448978,C302477,2026-01-07,2026-01-12,ca,SAN JOSE,Phone,Clothing,T-SHIRT,P97204,3.0,655.13,0.05,0.0725,9.99,,
ORD7907710,C970161,2025-03-20,,NM,SANTA FE,Online,HEALTH,protein,P41045,1.0,256.74,0.0,0.0825,12.99,290.91,returned
ORD3162873,C493342,2025-11-09,2025-11-17,NM,Las Cruces,In-Store,Health,Protein,P28667,1.0,235.4,0.0,0.045,12.99,258.98,
ORD1258707,C620812,2025-04-30,2025-05-10,TX,Dallas,Phone,Home,blender,P37998,5.0,792.94,0.05,0.065,4.99,,expedite
ORD9940124,C230542,2025-10-12,,NM,RIO RANCHO,ONLINE,Clothing,SHOES,P69930,4.0,448.49,0.0,0.065,12.99,,promo applied
ORD5947291,C266435,2025-02-06,2025-02-16,co,Colorado Springs,ONLINE,Electronics,LAPTOP,P68749,-1.0,726.03,0.0,0.0725,0.0,-778.67,expedite
ORD7232644,C996605,2025-04-13,2025-04-14,az,Tucson,in-store,CLOTHING,JACKET,P82063,1.0,186.03,0.1,0.065,7.99,186.3,
ORD9475421,C955582,2025-06-14,2025-06-15,UT,Salt Lake City,phone,grocery,Snacks,P18468,1.0,277.06,0.0,0.0825,0.0,299.92,expedite
ORD6596175,C048640,2025-03-02,2025-03-08,CA,sacramento,In-Store,ELECTRONICS,Headphones,P69821,5.0,20.02,0.15,0.065,9.99,100.61,
ORD9920239,C980776,,,CO,denver,In-Store,Home,LAMP,P90179,2.0,503.37,0.05,0.045,9.99,,
ORD2058135,C824885,2025-07-13,2025-07-23,tx,HOUSTON,in-store,Home,CHAIR,P45712,3.0,60.14,0.0,0.045,,198.53,
ORD2159456,C893196,,2025-06-21,nm,Albuquerque,PHONE,Clothing,JEANS,P81711,1.0,208.48,0.0,0.0825,9.99,235.67,Address corrected
ORD8092061,C536661,2025-02-08,2025-02-12,tx,Austin,Online,clothing,SHOES,P44902,5.0,250.77,0.1,0.0725,9.99,,expedite
ORD8711873,C722741,2025-10-06,2025-10-12,TX,El Paso,phone,home,Chair,P17670,2.0,44.87,0.1,0.045,,89.39,returned
ORD3391615,C197085,2025-04-01,2025-04-04,UT,Salt_Lake_City,Phone,Clothing,HAT,P58309,2.0,657.85,0.0,0.065,7.99,,
ORD4145775,C147722,2025-05-21,2025-05-23,CA,san jose,ONLINE,Grocery,Cereal,P33373,5.0,376.38,0.1,0.0825,7.99,,returned
ORD3406615,C718802,2025-06-06,2025-06-16,ut,SALT LAKE CITY,PHONE,home,lamp,P02042,2.0,780.64,0.0,0.0725,4.99,,
ORD7246235,C383480,2025-05-31,2025-06-06,CA,san jose,IN-STORE,home,vacuum,P31593,3.0,142.14,0.0,0.0725,12.99,,
ORD2193312,C647533,2025-01-15,2025-01-16,TX,Dallas,phone,Home,Blender,P60464,1.0,381.94,0.05,0.0825,7.99,400.77,expedite
ORD9915930,C867343,2025-01-23,2025-01-23,CO,Denver,online,home,vacuum,P69560,2.0,485.83,0.0,0.0725,12.99,,returned
ORD7841484,C654525,2025-08-02,2025-08-03,CA,sacramento,Phone,clothing,HAT,P80389,1.0,223.75,0.05,0.065,4.99,231.37,returned
ORD8236328,C164487,2025-09-25,2025-10-04,co,DENVER,Phone,Home,Air_Purifier,P70870,2.0,5.57,,0.045,7.99,19.63,promo applied
ORD4303347,C352919,2025-12-08,2025-12-11,tx,HOUSTON,Phone,Clothing,Jacket,P28029,1.0,233.53,0.0,0.0825,7.99,260.79,VIP customer
ORD9393774,C922286,2025-05-05,2025-05-14,OK,OKLAHOMA CITY,In-Store,ELECTRONICS,Keyboard,P40832,-1.0,271.42,0.0,0.045,4.99,,Address corrected
ORD6538601,C209596,,2025-08-28,CO,colorado springs,Phone,CLOTHING,Shoes,P93114,1.0,174.0,0.0,0.065,12.99,198.3,
ORD1465234,C056703,2025-10-01,2025-10-05,TX,DALLAS,PHONE,grocery,CEREAL,P20639,1.0,,0.15,0.0825,7.99,446.91,
ORD8082394,C148132,2025-07-11,,AZ,Mesa,IN-STORE,ELECTRONICS,Laptop,P23156,5.0,237.18,0.0,0.0725,9.99,,expedite
ORD3765122,C065959,2025-11-12,2025-11-19,N_M,Mesa,In-Store,home,CHAIR,P45249,5.0,337.2,0.0,0.0725,4.99,,returned
ORD0599970,C735021,2025-06-21,,UT,PROVO,In-Store,ELECTRONICS,monitor,P79258,4.0,773.82,0.05,0.0825,7.99,3191.1,VIP customer
ORD1521102,C337251,,2025-08-21,az,MESA,IN-STORE,GROCERY,Pasta,P30207,-1.0,831.45,0.1,0.0825,,,promo applied
ORD4182935,C473523,2025-01-17,2025-01-20,UT,provo,Online,Grocery,SNACKS,P12261,1.0,142.38,0.0,0.0725,0.0,152.7,VIP customer
ORD8773220,C997076,2025-02-03,2025-02-12,ok,tulsa,Online,health,Vitamins,P41762,3.0,363.08,0.0,0.0725,7.99,,promo applied
ORD8915402,C545066,2025-12-04,2025-12-11,AZ,Phoenix,IN-STORE,Grocery,PASTA,P15986,-1.0,359.4,0.2,0.0825,0.0,-311.24,Address corrected
ORD3985316,C062163,2025-08-04,2025-08-05,CA,San Jose,Phone,HOME,VACUUM,P01737,1.0,225.85,0.1,0.065,4.99,221.47,returned
ORD6543618,C568276,2025-11-08,2025-11-17,nm,ALBUQUERQUE,phone,Grocery,PASTA,P15593,2.0,482.27,0.05,0.0725,0.0,982.75,returned
ORD7810258,C333681,2025-01-14,2025-01-19,CA,San_Jose,online,Clothing,HAT,P95268,5.0,650.0,0.2,0.0725,12.99,,expedite
ORD9176041,C906519,2026-02-08,2026-02-18,UT,provo,phone,Clothing,Hat,P56213,1.0,80.5,0.0,0.0825,9.99,97.13,VIP customer
ORD2911489,C108846,2026-02-05,2026-02-15,AZ,Tucson,IN-STORE,grocery,pasta,P66849,1.0,473.19,0.0,0.065,0.0,503.95,
ORD6311413,C554803,2025-09-17,2025-09-27,TX,HOUSTON,PHONE,Home,AIR PURIFIER,P98975,1.0,484.46,0.1,0.045,4.99,460.62,
ORD9623989,C028253,2025-10-22,,CA,SAN DIEGO,online,grocery,Snacks,P64874,5.0,307.27,0.1,0.0725,9.99,,VIP customer
ORD3327809,C953609,2026-02-15,2026-02-16,CO,Denver,In-Store,health,Vitamins,P20691,2.0,110.71,0.15,0.045,7.99,204.67,expedite
ORD1795155,C756854,2025-07-19,2025-07-26,NM,albuquerque,in-store,Health,Protein,P92637,1.0,,0.1,0.0725,0.0,599.51,Address corrected
ORD7291471,C406758,2025-12-24,2025-12-27,NM,las cruces,PHONE,CLOTHING,JACKET,P36554,1.0,803.26,0.05,0.045,0.0,797.44,promo applied
ORD5258345,C961534,2025-05-09,2025-05-15,ca,Sacramento,in-store,clothing,T-Shirt,P70535,5.0,775.63,0.0,0.0725,0.0,,promo applied
ORD6272731,C794998,2025-05-28,2025-05-28,az,,in-store,health,Skincare,P58681,4.0,26.64,0.05,0.0725,12.99,121.56,
ORD7074762,C091432,,2026-02-12,NM,RIO RANCHO,PHONE,health,PROTEIN,P79263,-1.0,570.2,0.0,0.065,4.99,-602.27,promo applied
ORD1190896,C263110,2025-04-30,2025-05-02,NM,Rio_Rancho,In-Store,GROCERY,SNACKS,P59817,5.0,376.74,0.0,0.0825,12.99,,promo applied
ORD0886222,C414299,2025-03-08,2025-03-08,nm,LAS CRUCES,In-Store,HOME,Vacuum,P52933,1.0,288.36,0.0,0.0825,7.99,320.14,expedite
ORD8112351,C706580,2025-07-16,2025-07-23,CO,COLORADO SPRINGS,in-store,grocery,Pasta,P15496,2.0,237.55,0.0,0.0825,12.99,,returned
ORD8965376,C973207,,2025-09-02,ca,San Jose,ONLINE,GROCERY,Pasta,P43048,2.0,84.99,0.0,0.0825,12.99,196.99,promo applied
ORD5417316,C706371,,2026-02-15,OK,Oklahoma_City,Online,health,Protein,P57277,2.0,26.55,0.0,0.0725,0.0,56.95,VIP customer
ORD1475728,C186453,2026-02-06,2026-02-13,AZ,Phoenix,In-Store,Electronics,MOUSE,P25249,-1.0,119.3,0.0,0.045,,-119.68,Address corrected
ORD6066939,C548076,,,co,BOULDER,online,HOME,LAMP,P38345,2.0,245.11,0.0,0.0825,,538.65,Address corrected
ORD5886512,C658891,2025-02-06,,ok,oklahoma city,Online,Clothing,T-Shirt,P08516,2.0,548.74,0.05,0.0725,,,promo applied
ORD3609236,C094740,2025-07-02,2025-07-09,NM,,Online,grocery,pasta,P21986,1.0,502.13,0.0,0.0725,9.99,548.52,updated record
ORD6929521,C792212,2025-09-29,2025-10-09,OK,Tulsa,online,Home,chair,P24262,2.0,369.0,,0.065,7.99,793.96,
ORD9408593,C310082,2025-10-31,2025-10-31,CO,BOULDER,In-Store,HEALTH,First_Aid,P29152,2.0,399.93,0.0,0.0825,12.99,878.84,returned
ORD9429344,C013819,2025-11-11,2025-11-16,NM,Las Cruces,online,Health,Protein,P16606,-1.0,840.75,0.05,0.045,4.99,-829.66,expedite
ORD3974101,C861605,2025-09-20,2025-09-27,tx,AUSTIN,online,GROCERY,Cereal,P31775,1.0,198.44,0.0,0.0825,7.99,222.8,returned
ORD4842140,C185814,2025-05-11,,NM,ALBUQUERQUE,IN-STORE,CLOTHING,Jeans,P41297,-1.0,721.77,0.0,0.045,7.99,-746.26,returned
ORD0450197,C968880,2025-12-06,2025-12-16,NM,,online,HEALTH,protein,P62625,1.0,529.96,,0.045,12.99,566.8,VIP customer
ORD9780607,C909987,,2025-11-17,CA,SAN JOSE,online,Electronics,laptop,P38066,5.0,124.6,0.0,0.065,9.99,673.49,
ORD8844933,C198578,2026-02-01,2026-02-03,tx,Houston,ONLINE,electronics,Mouse,P61684,4.0,232.18,0.1,0.065,12.99,903.17,returned
ORD9905416,C482984,2025-02-05,2025-02-07,NM,ALBUQUERQUE,Online,health,PROTEIN,P14166,1.0,672.08,0.2,0.045,0.0,561.86,expedite
ORD8168749,C767472,2026-02-02,2026-02-03,OK,Oklahoma City,in-store,Health,protein,P76964,2.0,307.49,0.15,0.0725,7.99,568.62,VIP customer
ORD6131123,C997447,2025-07-30,2025-08-05,NM,albuquerque,Online,Home,AIR PURIFIER,P97616,3.0,669.69,0.0,0.0725,12.99,,
ORD3967470,C246685,2025-11-28,,CO,Boulder,ONLINE,Grocery,COFFEE,P01713,1.0,258.55,0.05,0.045,0.0,256.68,VIP customer
ORD2446709,C425446,2025-06-04,2025-06-05,AZ,PHOENIX,In-Store,Electronics,Mouse,P04205,1.0,754.25,0.0,0.045,12.99,801.18,
ORD0822131,C125435,2025-08-09,2025-08-13,AZ,phoenix,Phone,grocery,snacks,P77397,-1.0,158.44,0.05,0.0725,4.99,-156.44,returned
ORD3997801,C314989,2025-10-14,2025-10-21,CA,san jose,Phone,HEALTH,Thermometer,P22020,-1.0,358.65,0.15,0.0825,12.99,-317.01,
ORD6200482,C502010,,2025-06-15,AZ,Tucson,PHONE,Electronics,Laptop,P08570,2.0,,0.0,0.0725,0.0,983.93,Address corrected
ORD5636398,C806887,2025-05-28,2025-06-07,NM,LAS CRUCES,in-store,ELECTRONICS,headphones,P91177,1.0,659.55,0.05,0.0725,9.99,681.99,
ORD5771971,C831957,,,UT,Salt_Lake_City,in-store,Home,Air Purifier,P17023,1.0,598.13,0.0,0.0825,7.99,655.47,returned
ORD3890699,C277865,2025-10-14,2025-10-18,CA,San Diego,Phone,Grocery,Cereal,P97026,1.0,390.03,0.0,0.0825,4.99,427.2,
ORD6764762,C557133,2025-08-29,2025-09-01,AZ,Tucson,ONLINE,Grocery,Snacks,P03751,2.0,103.67,0.2,0.065,0.0,176.65,promo applied
ORD6438461,C207518,2026-01-19,,OK,Tulsa,ONLINE,Clothing,T-Shirt,P24128,3.0,684.5,0.0,0.0825,0.0,,
ORD6498995,C764452,,2025-07-24,NM,Las_Cruces,Online,ELECTRONICS,Keyboard,P28866,-1.0,544.29,0.0,0.045,,-558.79,expedite
ORD6765803,C253922,2025-02-22,2025-03-03,nm,LAS CRUCES,in-store,HOME,VACUUM,P97437,1.0,400.9,0.0,0.065,7.99,434.95,
ORD4869559,C831909,2025-01-03,2025-01-03,N_M,denver,online,health,protein,P96967,3.0,192.93,0.0,0.0725,9.99,630.74,VIP customer
ORD6812315,C356604,2025-07-07,2025-07-13,OK,Oklahoma_City,IN-STORE,Electronics,MONITOR,P68419,5.0,479.26,0.0,0.045,7.99,,Address corrected
ORD0107611,C166939,,2026-01-23,ca,san diego,In-Store,Electronics,Headphones,P43229,1.0,144.9,0.0,0.0725,0.0,155.41,
ORD6697658,C663152,,2025-05-18,CA,Sacramento,ONLINE,Grocery,cereal,P92831,3.0,277.33,0.1,0.045,0.0,782.49,VIP customer
ORD6612507,C725488,2025-05-28,2025-06-02,CO,colorado springs,In-Store,health,First Aid,P40976,1.0,80.21,0.0,0.0725,9.99,96.02,promo applied
ORD5804249,C902336,,2026-02-09,n m,Phoenix,ONLINE,HEALTH,Skincare,P43265,-1.0,689.84,0.0,0.0825,9.99,-736.76,
ORD4370687,C796611,,2025-03-11,ok,tulsa,in-store,HOME,LAMP,P76676,4.0,450.85,,0.065,4.99,,updated record
ORD8472131,C925153,2025-07-19,2025-07-29,ut,Salt_Lake_City,In-Store,grocery,Cereal,P40183,2.0,332.32,0.05,0.0725,7.99,685.18,
ORD4733026,C766070,,,AZ,PHOENIX,PHONE,Clothing,Shoes,P31395,1.0,,0.15,0.0725,12.99,96.26,VIP customer
ORD0364326,C841557,2026-01-02,2026-01-03,TX,Houston,Phone,grocery,Snacks,P66449,3.0,435.02,0.0,0.0825,,1420.72,returned
ORD9160436,C667381,2025-02-27,,CA,San_Diego,IN-STORE,Grocery,COFFEE,P53913,-1.0,370.56,0.0,0.065,0.0,-394.65,
ORD0554535,C209778,,2025-01-17,AZ,Phoenix,in-store,electronics,Keyboard,P42178,-1.0,292.41,0.2,0.0825,7.99,-245.24,
ORD2782707,C603486,2025-01-09,,ok,Oklahoma City,phone,HOME,lamp,P75565,1.0,842.79,0.0,0.045,,2642.15,promo applied
ORD1038051,C698577,2025-04-23,2025-04-23,UT,Provo,online,home,lamp,P73741,1.0,772.58,0.15,0.0725,9.99,714.29,VIP customer
ORD6364857,C563133,2025-06-02,2025-06-09,NM,las cruces,PHONE,health,vitamins,P07547,1.0,473.42,0.1,0.045,9.99,455.24,VIP customer
ORD9112983,C884173,2025-08-04,2025-08-11,N M,Tucson,Online,GROCERY,TEA,P19435,2.0,838.85,0.05,0.0825,4.99,,VIP customer
ORD3438302,C853894,2025-04-02,2025-04-12,NM,albuquerque,in-store,Clothing,Jacket,P13187,3.0,798.42,0.15,0.065,0.0,2168.31,promo applied
ORD6665507,C111784,2025-02-01,2025-02-04,CO,colorado springs,In-Store,Health,VITAMINS,P57777,5.0,304.8,0.1,0.065,9.99,,
ORD8644512,C696297,2025-12-08,2025-12-12,n m,HOUSTON,PHONE,Clothing,SHOES,P23072,2.0,611.48,0.2,0.045,4.99,1027.38,VIP customer
ORD7520107,C727018,2025-04-12,2025-04-16,CO,Boulder,ONLINE,home,BLENDER,P94615,1.0,76.26,0.1,0.065,4.99,78.09,returned
ORD8153640,C341186,2025-07-04,2025-07-07,OK,oklahoma city,In-Store,Grocery,SNACKS,P07618,1.0,158.92,0.15,0.0725,9.99,154.87,VIP customer
ORD9026352,C431744,,2026-01-18,N M,Tulsa,PHONE,electronics,headphones,P28915,1.0,609.15,0.1,0.0825,9.99,603.45,
ORD9459100,C146675,,2025-08-13,ut,PROVO,online,Electronics,Mouse,P14174,5.0,129.57,0.05,0.045,7.99,651.14,returned
ORD8168974,C861436,2025-11-22,2025-12-02,UT,PROVO,Online,Health,vitamins,P78057,2.0,540.64,0.15,0.045,4.99,,
ORD0371411,C774604,2025-10-30,,nm,santa fe,IN-STORE,clothing,Hat,P36576,1.0,311.35,0.05,0.065,9.99,325.0,returned
ORD6389106,C815005,2025-09-21,2025-09-23,CO,BOULDER,Phone,Electronics,Laptop,P98772,5.0,793.07,,0.065,4.99,,expedite
ORD5186898,C412551,2025-02-17,2025-02-19,az,Tucson,IN-STORE,Electronics,monitor,P16639,1.0,,0.0,0.045,7.99,624.04,
ORD5948822,C225241,2025-06-29,2025-07-01,CA,SAN DIEGO,ONLINE,Electronics,headphones,P93459,4.0,703.93,0.1,0.065,12.99,,
ORD7154374,C626434,2025-04-17,2025-04-23,AZ,Tucson,in-store,ELECTRONICS,headphones,P80106,3.0,235.11,0.1,0.045,7.99,671.35,
ORD4761527,C320912,2025-02-28,,N M,tulsa,IN-STORE,HEALTH,VITAMINS,P90446,2.0,828.45,0.0,0.045,4.99,1736.45,
ORD5808730,C155439,2025-06-12,2025-06-22,NM,LAS CRUCES,Online,home,Blender,P80142,-1.0,849.81,0.0,0.0825,7.99,-911.93,
ORD7772890,C940076,2026-02-25,2026-02-27,tx,AUSTIN,online,health,Vitamins,P14693,2.0,847.06,0.0,0.065,9.99,,promo applied
ORD3796697,C447316,2025-12-16,2025-12-21,NM,LAS CRUCES,Phone,Electronics,headphones,P82681,1.0,181.68,0.15,0.0725,4.99,170.61,
ORD3614006,C429254,2025-08-28,2025-08-28,UT,SALT LAKE CITY,in-store,health,PROTEIN,P19782,1.0,773.96,0.1,0.065,7.99,749.83,
ORD7268257,C025381,2025-10-18,2025-10-28,CA,Los Angeles,PHONE,Health,Protein,P54183,1.0,649.63,0.15,0.0725,12.99,605.21,returned
ORD3763868,C385599,,2025-10-08,TX,AUSTIN,Phone,HEALTH,Thermometer,P96774,5.0,49.26,0.0,0.0825,,274.61,returned
ORD7709940,C004742,2025-09-24,2025-10-04,ok,oklahoma city,Online,health,thermometer,P29423,-1.0,596.48,0.0,0.065,7.99,-627.26,VIP customer
ORD0296019,C949291,2025-08-24,2025-08-29,CA,san jose,PHONE,grocery,Cereal,P70218,4.0,338.49,0.0,0.0725,4.99,,
ORD5845346,C223665,2025-12-19,2025-12-28,UT,SALT LAKE CITY,in-store,HEALTH,SKINCARE,P27867,2.0,616.07,0.1,0.0725,4.99,1194.31,
ORD1781292,C813331,2025-06-12,2025-06-19,NM,Santa Fe,In-Store,GROCERY,cereal,P19474,1.0,639.21,0.05,0.065,4.99,651.71,
ORD5953539,C706537,,2025-04-10,TX,,PHONE,Home,vacuum,P80976,4.0,790.94,0.0,0.065,12.99,3382.39,
ORD7323216,C203778,2025-12-26,2025-12-30,co,COLORADO SPRINGS,Phone,GROCERY,Coffee,P64306,4.0,374.52,0.0,0.0725,12.99,,VIP customer
ORD1931406,C226907,,2025-04-21,CA,Sacramento,Phone,Electronics,Headphones,P54403,-1.0,418.62,0.0,0.0725,4.99,-443.98,
ORD6475765,C516394,2026-02-10,,CO,Colorado Springs,PHONE,Home,CHAIR,P84279,2.0,421.98,0.0,0.045,12.99,894.93,promo applied
ORD3653692,C300048,2025-07-30,2025-08-02,az,tucson,PHONE,Clothing,shoes,P69855,1.0,815.08,0.15,0.0725,9.99,753.04,promo applied
ORD5536243,C846965,2026-01-10,,CA,LOS ANGELES,Phone,Clothing,hat,P43738,-1.0,726.37,0.0,0.0825,12.99,-773.31,Address corrected
ORD9246618,C304637,2025-02-15,2025-02-17,TX,Houston,Online,Home,lamp,P38980,4.0,347.29,0.05,0.065,0.0,1405.48,
ORD9127390,C238168,2025-11-11,2025-11-11,CO,Denver,in-store,clothing,Jacket,P98042,1.0,379.81,0.05,0.065,0.0,384.27,
ORD1394470,C742394,2025-12-21,2025-12-23,ok,OKLAHOMA CITY,in-store,Home,blender,P77860,5.0,307.05,0.0,0.0825,4.99,,
ORD5634875,C645052,2025-09-19,2025-09-27,CA,San_Diego,IN-STORE,Health,THERMOMETER,P98013,1.0,405.54,0.0,0.0825,7.99,446.99,
ORD8253276,C359595,2025-08-04,,CA,SAN JOSE,Phone,Electronics,Mouse,P90457,1.0,531.69,0.05,0.0725,12.99,554.72,
ORD6655604,C080916,2025-02-27,,TX,el paso,phone,Electronics,Laptop,P03707,-1.0,230.2,0.05,0.065,0.0,-232.9,Address corrected
ORD0533382,C329555,2025-10-27,2025-11-01,az,,In-Store,HEALTH,Vitamins,P24498,2.0,119.0,0.1,0.065,12.99,,returned
ORD6715350,C098452,2025-03-18,2025-03-21,NM,RIO RANCHO,In-Store,electronics,MONITOR,P74978,1.0,,,0.0725,4.99,240.54,VIP customer
ORD0433097,C219973,2025-10-12,2025-10-20,CA,San_Jose,ONLINE,Electronics,monitor,P51998,4.0,,0.2,0.0825,,955.04,
ORD1831350,C545178,2025-01-08,2025-01-14,OK,Tulsa,ONLINE,GROCERY,Tea,P83737,1.0,251.35,0.0,0.0825,9.99,282.08,
ORD7394796,C253943,2025-11-07,2025-11-07,TX,EL PASO,Online,GROCERY,tea,P56865,2.0,366.96,0.1,0.065,9.99,713.45,expedite
ORD5752268,C094979,2025-05-23,2025-05-30,UT,Provo,ONLINE,Clothing,HAT,P71599,1.0,625.42,0.1,0.0825,12.99,,returned
ORD0877373,C451401,2025-01-09,2025-01-13,NM,Las Cruces,PHONE,health,skincare,P80549,-1.0,43.27,0.1,0.065,0.0,-41.47,
ORD3108470,C553166,2025-01-21,2025-01-27,ut,provo,phone,health,Vitamins,P80066,1.0,90.65,0.0,0.045,9.99,104.72,
ORD8387953,C221238,2025-01-05,,UT,salt lake city,PHONE,home,BLENDER,P05516,2.0,409.08,0.0,0.065,4.99,876.33,
ORD9906208,C421366,2025-10-31,2025-11-08,UT,SALT LAKE CITY,IN-STORE,electronics,Laptop,P13907,1.0,139.93,0.0,0.0725,7.99,158.06,promo applied
ORD0332285,C363064,2025-08-21,2025-08-26,OK,Oklahoma City,Phone,clothing,hat,P63452,2.0,616.01,0.0,0.0825,12.99,,
ORD5749996,C332977,,2025-12-30,nm,ALBUQUERQUE,in-store,CLOTHING,jeans,P89637,2.0,681.9,0.0,0.065,12.99,,
ORD0059567,C418742,2025-02-28,2025-02-28,N M,SALT LAKE CITY,ONLINE,Grocery,SNACKS,P01671,2.0,617.23,0.1,0.0725,7.99,,promo applied
ORD7943436,C318508,2025-10-31,2025-11-08,tx,AUSTIN,ONLINE,Electronics,Monitor,P73694,4.0,528.69,0.0,0.045,4.99,,returned
ORD2134831,C964743,2025-03-14,,AZ,TUCSON,Online,Health,THERMOMETER,P13333,2.0,,0.15,0.0725,7.99,1115.61,VIP customer
ORD7387421,C055150,2025-11-04,2025-11-05,tx,houston,ONLINE,CLOTHING,Hat,P36151,1.0,183.62,0.0,0.0725,7.99,204.92,
ORD6688577,C747791,2026-01-14,2026-01-16,co,colorado springs,Phone,Grocery,tea,P80754,1.0,358.13,0.2,0.0725,12.99,320.27,VIP customer
ORD1314379,C946168,2025-05-26,2025-06-04,ut,Salt_Lake_City,Phone,electronics,HEADPHONES,P81196,1.0,,0.0,0.045,0.0,658.67,
ORD6924727,C817223,2025-10-05,2025-10-07,UT,provo,Online,Electronics,Laptop,P76368,2.0,291.82,0.0,0.0725,4.99,630.94,
ORD8023678,C740368,2025-09-19,2025-09-27,CO,Boulder,In-Store,grocery,cereal,P94723,1.0,235.51,0.0,0.0725,7.99,260.57,expedite
ORD3809366,C076868,2025-09-24,2025-09-26,NM,Albuquerque,IN-STORE,Clothing,Jeans,P66145,1.0,342.79,0.1,0.065,9.99,338.55,returned
ORD2821209,C932683,2025-07-26,2025-07-29,ca,San_Jose,phone,home,Blender,P87765,2.0,768.79,0.0,0.045,7.99,,
ORD1845883,C700568,,2025-08-26,OK,Tulsa,Phone,Clothing,T-SHIRT,P56029,5.0,217.84,0.0,0.0725,0.0,,expedite
ORD7841521,C752279,2025-04-19,2025-04-25,AZ,Mesa,In-Store,Home,Vacuum,P35245,2.0,580.37,0.0,0.045,0.0,,expedite
ORD0059567,C418742,2025-02-28,2025-02-28,N M,SALT LAKE CITY,ONLINE,Grocery,SNACKS,P01671,2.0,617.23,0.1,0.0725,7.99,,updated record
ORD6010287,C107515,2025-02-02,2025-02-09,CO,colorado springs,Online,HOME,vacuum,P15992,1.0,364.66,0.0,0.0825,12.99,407.73,
ORD3834058,C501185,2025-08-23,2025-08-25,OK,Tulsa,phone,electronics,HEADPHONES,P77682,-1.0,118.24,0.05,0.045,4.99,-112.39,returned
ORD1273197,C186768,2025-02-06,2025-02-16,az,tucson,Phone,ELECTRONICS,Keyboard,P78165,5.0,572.19,0.0,0.045,7.99,2997.68,promo applied
ORD3204807,C809700,,2025-07-26,CA,san jose,Online,Clothing,jacket,P61124,2.0,92.86,0.2,0.045,4.99,160.25,promo applied
ORD6949993,C221269,2025-07-02,2025-07-02,NM,Las Cruces,IN-STORE,Grocery,tea,P84670,1.0,773.76,0.2,0.065,9.99,669.23,Address corrected
ORD6140082,C438206,2025-02-03,2025-02-09,AZ,Phoenix,PHONE,HEALTH,protein,P81051,2.0,659.87,0.15,0.045,0.0,,VIP customer
ORD5081523,C421660,2025-08-24,2025-08-28,OK,OKLAHOMA CITY,IN-STORE,CLOTHING,Hat,P91223,5.0,765.94,0.0,0.045,0.0,,promo applied
ORD1187338,C779942,2025-05-04,,AZ,Mesa,In-Store,Clothing,shoes,P74579,1.0,,0.1,0.045,9.99,93.91,returned
ORD4372922,C827244,2025-06-04,2025-06-12,CO,Boulder,ONLINE,clothing,JEANS,P28991,1.0,569.14,0.1,0.065,7.99,553.51,VIP customer
ORD6074320,C249872,2026-02-21,2026-03-03,az,TUCSON,phone,Home,Chair,P79634,5.0,61.89,0.2,0.065,9.99,273.64,promo applied
ORD9678579,C773587,2025-06-22,2025-06-27,ok,tulsa,phone,Grocery,Pasta,P27861,-1.0,485.77,0.05,0.0725,12.99,-481.95,Address corrected
ORD9726719,C012459,2025-07-04,2025-07-11,CA,san diego,Online,home,Lamp,P87660,1.0,488.89,0.0,0.065,12.99,533.66,Address corrected
ORD1155779,C088542,2025-01-15,2025-01-23,ok,Oklahoma_City,PHONE,home,LAMP,P35295,3.0,344.73,0.2,0.0825,12.99,908.6,returned
ORD6331451,C907392,2025-01-07,,NM,santa fe,PHONE,Clothing,Jacket,P06386,5.0,752.37,0.05,0.0825,7.99,,
ORD2925319,C483341,2025-06-21,2025-06-26,NM,Rio Rancho,PHONE,Electronics,KEYBOARD,P04350,1.0,148.81,0.0,0.0725,7.99,167.59,
ORD2618754,C759758,2025-11-02,2025-11-08,OK,Tulsa,Phone,clothing,jeans,P06779,2.0,76.9,0.0,0.065,7.99,171.79,
ORD9894404,C590609,2025-09-06,,AZ,Phoenix,Online,GROCERY,Coffee,P26624,4.0,536.63,0.1,0.0825,7.99,2099.24,Address corrected
ORD5448448,C445867,2025-07-14,2025-07-20,ca,SACRAMENTO,In-Store,electronics,Headphones,P40657,5.0,,0.0,0.045,12.99,560.62,promo applied
ORD8729609,C618560,2026-01-03,,AZ,Tucson,ONLINE,CLOTHING,SHOES,P27010,1.0,463.92,0.2,0.0825,0.0,401.75,VIP customer
ORD8020502,C299351,2025-12-05,,TX,EL PASO,ONLINE,clothing,t-shirt,P37316,2.0,773.31,0.0,0.0725,9.99,,Address corrected
ORD5730075,C712287,,2025-03-14,co,Boulder,In-Store,Electronics,headphones,P17042,-1.0,612.3,0.15,0.045,4.99,-538.89,
ORD4073080,C695717,2026-02-16,2026-02-16,nm,Albuquerque,In-Store,Electronics,Laptop,P59032,1.0,300.27,0.0,0.0825,7.99,333.03,returned
ORD3204807,C809700,,2025-07-26,CA,san jose,Online,Clothing,jacket,P61124,2.0,92.86,0.2,0.045,4.99,160.25,updated record
ORD5350493,C578737,2025-01-13,,CO,Colorado_Springs,Phone,Clothing,JACKET,P16011,3.0,790.1,0.0,0.045,0.0,,
ORD1489235,C701808,2025-03-14,2025-03-15,TX,HOUSTON,Phone,CLOTHING,Jacket,P67303,2.0,462.81,0.0,0.045,9.99,977.26,returned
ORD4765232,C137215,,2025-07-20,CA,SAN DIEGO,ONLINE,Electronics,keyboard,P22041,1.0,754.27,0.0,0.045,12.99,,Address corrected
ORD9757455,C437793,2026-01-26,2026-01-26,AZ,PHOENIX,PHONE,HOME,Lamp,P03795,1.0,673.96,0.05,0.045,12.99,682.06,expedite
ORD3979735,C705573,2025-03-15,2025-03-25,OK,tulsa,ONLINE,home,Vacuum,P67369,3.0,143.11,0.15,0.0825,9.99,405.03,promo applied
ORD6056978,C937538,2025-11-11,2025-11-16,TX,Dallas,In-Store,grocery,pasta,P69746,3.0,288.88,0.1,0.045,9.99,825.06,
ORD0108629,C147600,2025-03-23,2025-04-02,TX,El_Paso,In-Store,health,protein,P19830,2.0,,0.0,0.0825,9.99,1656.99,promo applied
ORD6885542,C614413,,2025-03-22,ca,San Jose,online,Home,vacuum,P18754,1.0,639.32,0.0,0.0825,4.99,697.05,
ORD9697073,C286306,2025-12-13,2025-12-17,AZ,MESA,PHONE,Electronics,LAPTOP,P02017,2.0,143.59,0.0,0.0725,,315.99,
ORD9676821,C928220,2026-01-03,,UT,Provo,IN-STORE,Health,Protein,P19390,4.0,455.35,0.2,0.0825,4.99,,Address corrected
ORD0390169,C361958,2025-06-28,2025-07-02,ok,Tulsa,Online,Home,Vacuum,P16058,5.0,266.49,0.15,0.065,12.99,,
ORD6622090,C631492,2025-10-11,2025-10-15,UT,Salt_Lake_City,PHONE,HOME,AIR PURIFIER,P16651,1.0,472.11,0.0,0.065,7.99,,promo applied
ORD2242728,C343928,,2025-05-08,OK,oklahoma city,in-store,ELECTRONICS,Monitor,P99081,2.0,156.46,0.0,0.0825,12.99,351.73,
ORD7734410,C432807,2025-08-16,2025-08-18,tx,El Paso,in-store,CLOTHING,jacket,P04246,-1.0,751.93,0.1,0.0725,,-715.81,
ORD1642630,C878226,2025-01-29,2025-02-01,AZ,TUCSON,ONLINE,CLOTHING,Shoes,P19650,2.0,736.58,0.15,0.065,,,
ORD7014521,C415815,,2025-09-28,UT,provo,online,Grocery,coffee,P71893,4.0,509.5,0.1,0.045,9.99,1926.73,VIP customer
ORD6119280,C552042,2025-12-31,2026-01-10,CA,Sacramento,Phone,ELECTRONICS,Monitor,P59743,2.0,197.18,0.05,0.065,7.99,406.98,Address corrected
ORD0803961,C258525,,2025-04-12,NM,Albuquerque,PHONE,Clothing,Hat,P89982,5.0,120.88,0.0,0.0825,9.99,664.25,expedite
ORD6918748,C235928,,2026-02-20,OK,OKLAHOMA CITY,phone,Health,VITAMINS,P69268,1.0,595.05,0.2,0.065,12.99,519.97,
ORD1089936,C210375,,2025-07-02,ut,Provo,IN-STORE,GROCERY,Cereal,P24514,-1.0,383.32,0.0,0.065,4.99,-403.25,returned
ORD2717205,C057540,2025-06-03,2025-06-03,TX,DALLAS,IN-STORE,clothing,shoes,P50615,3.0,69.42,0.15,0.065,7.99,196.52,promo applied
ORD0592042,C505965,2025-06-15,2025-06-17,CO,BOULDER,Online,electronics,keyboard,P05025,1.0,249.72,0.0,0.045,12.99,273.95,returned
ORD3178886,C259679,2026-01-17,,CO,Colorado Springs,In-Store,health,First_Aid,P86060,1.0,347.92,0.1,0.0725,9.99,345.82,promo applied
ORD7012333,C945965,2026-02-03,2026-02-08,AZ,Mesa,in-store,Clothing,hat,P83095,1.0,765.55,0.0,0.0725,9.99,831.04,expedite
ORD1827830,C963457,,2025-03-22,AZ,Phoenix,ONLINE,Health,thermometer,P23367,5.0,433.73,0.05,0.045,7.99,,Address corrected
ORD9083108,C514925,2025-07-19,2025-07-23,CO,denver,Online,GROCERY,Tea,P11771,1.0,705.48,0.1,0.0825,7.99,695.3,returned
ORD5377045,C364936,2025-02-04,2025-02-07,N M,colorado springs,Phone,health,VITAMINS,P86801,1.0,194.89,0.2,0.0825,7.99,176.76,expedite
ORD5036238,C632345,2025-06-21,2025-06-24,CA,LOS ANGELES,ONLINE,health,SKINCARE,P31269,5.0,604.84,0.0,0.0725,7.99,,
ORD2815922,C530119,2025-02-03,2025-02-08,ca,SAN JOSE,online,GROCERY,PASTA,P68171,-1.0,46.04,0.2,0.0725,9.99,-29.51,Address corrected
ORD1370657,C344705,2025-11-20,2025-11-23,N_M,provo,Phone,health,SKINCARE,P25222,3.0,636.49,0.0,0.0725,7.99,,
ORD6015150,C943653,2026-02-16,2026-02-22,OK,oklahoma city,ONLINE,Health,Skincare,P57887,1.0,217.29,0.2,0.045,12.99,194.64,expedite
ORD7608137,C898597,2025-06-16,2025-06-22,CO,Colorado Springs,Online,home,air purifier,P89944,2.0,621.38,,0.065,0.0,,returned
ORD5832021,C933964,2025-03-17,2025-03-26,UT,Salt Lake City,In-Store,CLOTHING,t-shirt,P13294,-1.0,233.24,0.0,0.0725,0.0,-250.15,Address corrected
ORD5670801,C995025,2025-12-20,2025-12-20,NM,SANTA FE,phone,HEALTH,protein,P65958,1.0,300.28,0.0,0.065,0.0,,
ORD1916614,C566465,2025-01-23,2025-01-23,CA,Los Angeles,In-Store,Home,BLENDER,P06974,-1.0,10.37,0.2,0.0825,9.99,1.01,expedite
ORD9644410,C218385,2025-04-02,2025-04-11,AZ,phoenix,In-Store,Home,lamp,P88742,2.0,178.6,0.2,0.045,9.99,308.61,VIP customer
ORD8578243,C086458,2026-02-17,2026-02-18,ut,,Phone,Grocery,snacks,P03654,2.0,715.54,0.2,0.045,7.99,1204.37,returned
